student_id,student_name,grade1,grade2,grade3,grade4,grade5,grade6,grade7,grade8,grade9,grade10,grade11,grade12,grade13,grade14,grade15
1,John Doe,85,90,78,88,92,84,76,80,89,91,87,85,90,82,88
2,Jane Smith,92,88,95,90,91,93,94,89,87,85,92,90,88,91,93
3,Bob Johnson,70,75,80,72,68,74,76,78,70,71,73,75,77,79,80
4,Alice Brown,88,92,85,90,91,89,87,86,88,90,92,94,93,91,90
5,Charlie Davis,60,65,70,68,62,64,66,67,69,71,72,73,74,75,76
6,Emily Clark,95,100,98,97,99,96,95,94,93,92,91,90,89,88,97
7,David Wilson,78,82,80,81,79,77,76,75,74,73,72,71,70,69,68
8,Sophia Lee,90,85,88,92,91,90,89,88,87,86,85,84,83,82,81
9,Michael Taylor,72,74,76,78,75,73,71,70,69,68,67,66,65,64,63
10,Olivia Martinez,89,91,87,90,92,93,94,95,96,97,98,99,100,95,94
11,James Anderson,80,82,84,86,88,90,92,94,96,98,100,99,98,97,96
12,Isabella Thomas,95,93,97,96,94,92,90,88,86,84,82,80,78,76,74
13,William Jackson,68,70,72,74,76,78,80,82,84,86,88,90,92,94,96
14,Mia White,88,90,92,94,96,98,100,99,98,97,96,95,94,93,92
15,Elijah Harris,75,78,80,82,84,86,88,90,92,94,96,98,100,99,98
16,Amelia Lewis,90,92,94,96,98,100,99,98,97,96,95,94,93,92,91
17,Lucas Robinson,85,87,89,91,93,95,97,99,100,98,96,94,92,90,88
18,Harper Walker,78,80,82,84,86,88,90,92,94,96,98,100,99,98,97
19,Ethan Hall,92,94,90,88,86,84,82,80,78,76,74,72,70,68,66
20,Grace Young,88,86,84,82,80,78,76,74,72,70,68,66,64,62,60
21,Noah King,91,93,95,97,99,100,98,96,94,92,90,88,86,84,82
22,Liam Scott,85,87,89,91,93,95,97,99,100,98,96,94,92,90,88
23,Sophia Green,78,80,82,84,86,88,90,92,94,96,98,100,99,98,97
24,Emma Adams,88,90,92,94,96,98,100,99,98,97,96,95,94,93,92
25,Oliver Baker,75,78,80,82,84,86,88,90,92,94,96,98,100,99,98
26,Ava Nelson,90,92,94,96,98,100,99,98,97,96,95,94,93,92,91
